{
    "$schema": "https://schema.management.azure.com/schemas/2015-01-01/deploymentParameters.json#",
    "contentVersion": "1.0.0.0",
    "parameters": {
        "IotHubs_PPI_GNCR_connectionString": {
            "value": null
        },
        "IotHubs_PPI_GNCR_containerName": {
            "value": null
        },
        "Clusters_gncr_name": {
            "value": null
        },
        "IotHubs_PPI_GNCR_name": {
            "value": null
        },
        "serverfarms_gncr_asp_name": {
            "value": null
        },
        "sites_gncr_functions_name": {
            "value": null
        },
        "components_gncr_ai_name": {
            "value": null
        },
        "grafana_gncr_grafana_name": {
            "value": null
        },
        "namespaces_gncr_eventhub_name": {
            "value": null
        },
        "actionGroups_sensor_alert_name": {
            "value": null
        },
        "metricalerts_gncr_sensores_name": {
            "value": null
        },
        "components_gncr_appinsights_name": {
            "value": null
        },
        "streamingjobs_gncr_asa_name": {
            "value": null
        },
        "workspaces_gncr_workspace_name": {
            "value": null
        },
        "storageAccounts_gncrstoragehn5cnouxwmwxq_name": {
            "value": null
        },
        "actionGroups_Application_Insights_Smart_Detection_name": {
            "value": null
        }
    }
}